epoch,train_accuracy,dev_accuracy,train_loss,dev_loss
1,0.07968671888018664,0.07946666666666667,3.9900889000857043,3.988421322694465
2,0.08864078209187358,0.08873333333333333,4.020567394599684,4.031041032469857
3,0.07319335666277843,0.07506666666666667,4.0294373100693015,4.114404675802951
4,0.07712603454979726,0.0805,4.028124964283829,4.0900304236137535
5,0.07326001222018552,0.07446666666666667,4.024829052709151,4.16994273789656
6,0.07789812808976282,0.07816666666666666,4.0321194225471295,4.1740270240474615
7,0.07484863633838805,0.0749,4.028911492683012,4.1565833894937025
8,0.07354885296894961,0.07703333333333333,4.029533559895477,4.164478399097792
