epoch,train_accuracy,dev_accuracy,train_loss,dev_loss
1,0.021013164472587904,0.020733333333333333,4.094060523036194,4.092646259234658
2,0.021013164472587904,0.020733333333333333,4.089655465262664,4.092397921629297
3,0.021013164472587904,0.020733333333333333,4.089545229088993,4.092356199903021
4,0.021013164472587904,0.020733333333333333,4.089523786333927,4.092346620458021
5,0.021013164472587904,0.020733333333333333,4.089518764541957,4.092344487399689
6,0.021013164472587904,0.020733333333333333,4.089517554904573,4.09234395057662
7,0.021013164472587904,0.020733333333333333,4.089517259106193,4.092343807220459
