epoch,train_accuracy,dev_accuracy,train_loss,dev_loss
1,0.4417819252346831,0.4046666666666667,2.0853758993158973,1.7223973881715395
2,0.4940621007609843,0.42643333333333333,1.6473661878970947,1.6554012626473076
3,0.5248680775426318,0.4311333333333333,1.5119608650205825,1.6411878955898
4,0.5388046436704994,0.42856666666666665,1.4145010010737606,1.6733370856689747
5,0.547775370771538,0.425,1.3432113588428396,1.7052571776070828
6,0.5559129034049881,0.42423333333333335,1.2846746944126777,1.7494639036243658
7,0.5516358384713659,0.41883333333333334,1.2385604290236707,1.826058903482677
8,0.5514192079097928,0.41276666666666667,1.1962536379318833,1.890224476867139
9,0.5638004776981614,0.41513333333333335,1.1666401028633118,1.8613286033622238
