epoch,train_accuracy,dev_accuracy,train_loss,dev_loss
1,0.1368049769482864,0.1323,3.438685674403014,3.2729717274929615
2,0.1401488640782092,0.1353,3.3390089740292264,3.2377681610432076
3,0.1477587068821863,0.14326666666666665,3.315696458403066,3.2017746600698915
4,0.14836971615841804,0.14056666666666667,3.3005633923544813,3.1923950773604375
5,0.15151919124590346,0.142,3.2927402451941536,3.1900003321627355
6,0.15018052546797755,0.1416,3.288052497896304,3.1803097116186265
7,0.14940287729822807,0.14033333333333334,3.2843299405152866,3.17211145035764
8,0.14803088374159862,0.14016666666666666,3.2849605783301206,3.184507507973529
9,0.14803088374159862,0.13993333333333333,3.2844145599628223,3.1846281893709874
