epoch,train_accuracy,dev_accuracy,train_loss,dev_loss
1,0.08989057379325668,0.08963333333333333,3.791571418034662,3.772651362266622
2,0.09003499416763873,0.089,3.76727518236938,3.8173595262743008
3,0.08624118202521802,0.0865,3.7623579088496517,3.822928231916448
4,0.07917569294006555,0.07886666666666667,3.759135976873426,3.859167610404334
5,0.09007943120591012,0.086,3.75658462084022,3.867366769420567
6,0.08657445981225351,0.0856,3.75596888566246,3.8817032313804383
7,0.08271954674220963,0.0819,3.7534960570642206,3.884652566299764
