epoch,train_accuracy,dev_accuracy,train_loss,dev_loss
1,0.1257623729378437,0.12033333333333333,3.519641226034429,3.35869601533768
2,0.13061711936899406,0.12783333333333333,3.4375481195456605,3.320916280340641
3,0.1288229739487863,0.12493333333333333,3.4202274849165732,3.3061481820776106
4,0.12590123868244182,0.1205,3.412865397942007,3.318973767503779
5,0.1294673110037216,0.12303333333333333,3.4095090194721127,3.2900146940921213
6,0.1340165527967561,0.12646666666666667,3.4047778589808524,3.2838813649847154
7,0.13111148141976336,0.1247,3.405616698404026,3.2946940087257546
8,0.13080597678164751,0.1252,3.4079026020242544,3.2826138831199483
