epoch,train_accuracy,dev_accuracy,train_loss,dev_loss
1,0.10344387046603344,0.09923333333333334,3.6178872766609977,3.4926144011477205
2,0.10712659001277565,0.10306666666666667,3.5745344792347726,3.5039756896648
3,0.10627673165583514,0.10046666666666666,3.5722507162982042,3.480067645742538
4,0.106804421485308,0.1029,3.572936021103957,3.483150325937474
5,0.1087429872798978,0.10163333333333334,3.5724362857645087,3.4948254179447256
6,0.1026995500749875,0.0968,3.5796119453386797,3.4778299656320124
7,0.10643226128978503,0.09823333333333334,3.5806488655269275,3.504627158793997
8,0.10766538910181636,0.10193333333333333,3.5812340182620916,3.490727467232562
