epoch,train_accuracy,dev_accuracy,train_loss,dev_loss
1,0.021013164472587904,0.020733333333333333,4.097843210156623,4.093378519504628
2,0.021013164472587904,0.020733333333333333,4.089660215479479,4.092627738384491
3,0.021013164472587904,0.020733333333333333,4.089284116694837,4.0924510935519605
4,0.021013164472587904,0.020733333333333333,4.089174555308783,4.092386493277043
5,0.021013164472587904,0.020733333333333333,4.089131185156111,4.092358692656172
6,0.021013164472587904,0.020733333333333333,4.089111803945448,4.092345716598186
7,0.021013164472587904,0.020733333333333333,4.089102651179896,4.092339584675241
