epoch,train_accuracy,dev_accuracy,train_loss,dev_loss
1,0.08071988001999666,0.0863,3.848112550614103,3.8790299628080844
2,0.08105315780703216,0.0827,3.841365621643392,3.904713419200515
3,0.08270843748264178,0.08426666666666667,3.838921809849093,3.90136440883059
4,0.0803032827862023,0.082,3.8393162647007286,3.9537396110705476
5,0.08525801255346331,0.08596666666666666,3.8373551309384193,3.9481314977348996
6,0.07702049658390268,0.0799,3.8385537108025685,3.9591832064362222
7,0.08258068099761151,0.08436666666666667,3.8366629812075836,3.9492502893720354
