epoch,train_accuracy,dev_accuracy,train_loss,dev_loss
1,0.021013164472587904,0.020733333333333333,4.100921593579995,4.093369782224615
2,0.021013164472587904,0.020733333333333333,4.089656383498137,4.09262593654876
3,0.021013164472587904,0.020733333333333333,4.089282944427794,4.092450503085522
4,0.021013164472587904,0.020733333333333333,4.08917413100166,4.092386308629462
5,0.021013164472587904,0.020733333333333333,4.08913100350386,4.092358534386817
6,0.021013164472587904,0.020733333333333333,4.089097494763861,4.092345523834228
7,0.021013164472587904,0.020733333333333333,4.0891026010221845,4.092339400027661
