epoch,train_accuracy,dev_accuracy,train_loss,dev_loss
1,0.021013164472587904,0.020733333333333333,4.093905253974814,4.0924925499125075
2,0.021013164472587904,0.020733333333333333,4.089578140176068,4.092365810866041
3,0.021013164472587904,0.020733333333333333,4.089528417909353,4.092348613210325
4,0.021013164472587904,0.020733333333333333,4.089519781444237,4.092344845281735
5,0.021013164472587904,0.020733333333333333,4.089517801883506,4.092344195603816
6,0.021013164472587904,0.020733333333333333,4.089517317079285,4.092343871273211
7,0.021013164472587904,0.020733333333333333,4.08951720096359,4.092343911941626
