epoch,train_accuracy,dev_accuracy,train_loss,dev_loss
1,0.44623118369160697,0.40473333333333333,2.0168883040245427,1.7046753310445528
2,0.5034716436149531,0.4267,1.5989034829341429,1.6335328497103792
3,0.5364605899016831,0.43093333333333333,1.4317812100873908,1.6375980857592911
4,0.5569349552852303,0.4307666666666667,1.3007218784765548,1.6725546581658728
5,0.5701272010220518,0.425,1.1959878566677868,1.752717429132604
6,0.5768038660223296,0.4225,1.1081564554191763,1.8093457908264354
7,0.586318946842193,0.4241666666666667,1.0365195982595208,1.8705770059435098
8,0.5849247347664278,0.4221,0.9788580925554472,1.9307790290572242
9,0.5976503916013998,0.41856666666666664,0.9266500727820134,1.9726744719914027
