epoch,train_accuracy,dev_accuracy,train_loss,dev_loss
1,0.01666944398155863,0.016666666666666666,4.1369266118437125,4.12174367701321
2,0.016666666666666666,0.016666666666666666,4.133289018306196,4.124660786789363
3,0.016666666666666666,0.016666666666666666,4.133906524460214,4.123512876059201
4,0.016666666666666666,0.016666666666666666,4.1337916619659865,4.123518649957328
5,0.016666666666666666,0.016666666666666666,4.133792467995382,4.123518880750579
6,0.016666666666666666,0.016666666666666666,4.133792473928301,4.123518810597564
7,0.016666666666666666,0.016666666666666666,4.133792471894156,4.123518661141142
