epoch,train_accuracy,dev_accuracy,train_loss,dev_loss
1,0.08974615341887464,0.0842,3.694893623635374,3.5481730187192877
2,0.08815197467088819,0.0848,3.682543387036842,3.6206283112789723
3,0.08481919680053325,0.07936666666666667,3.7040988753345223,3.6461657808182086
4,0.077514858634672,0.0763,3.7191582585194474,3.6725581899602364
5,0.08041993001166473,0.07556666666666667,3.7501556647950736,3.7010286310885814
6,0.08299172360162195,0.0808,3.754217507403712,3.6785403921249067
7,0.08331944675887352,0.0788,3.7563718297249387,3.695462009754587
8,0.08769649502860634,0.08216666666666667,3.7488932657004588,3.6606026020455866
