epoch,train_accuracy,dev_accuracy,train_loss,dev_loss
1,0.021013164472587904,0.020733333333333333,4.10619576885062,4.092506480877842
2,0.021013164472587904,0.020733333333333333,4.089575556983229,4.092363445997747
3,0.021013164472587904,0.020733333333333333,4.089526885012652,4.092347999117267
4,0.021013164472587904,0.020733333333333333,4.089519402415482,4.092344699892154
5,0.021013164472587904,0.020733333333333333,4.089517704075102,4.092344190520264
6,0.021013164472587904,0.020733333333333333,4.089517292330539,4.092343859072687
7,0.021013164472587904,0.020733333333333333,4.089517193844087,4.092343861106108
