epoch,train_accuracy,dev_accuracy,train_loss,dev_loss
1,0.09482863967116592,0.09363333333333333,3.7878556597207402,3.7528676580875477
2,0.09348441926345609,0.09426666666666667,3.7681617491111403,3.7692369278441085
3,0.0803477198244737,0.0824,3.769300197317995,3.8027529625182455
4,0.09425095817363772,0.08986666666666666,3.769673861081327,3.7990710055574457
5,0.08840193301116481,0.08546666666666666,3.7688319798302126,3.8162692841063155
6,0.09421207576515025,0.09276666666666666,3.768384272440495,3.8202569707911067
7,0.08907959784480364,0.0879,3.764943773727851,3.844118442941219
8,0.0894739765594623,0.08876666666666666,3.764096907884751,3.832579228218566
