epoch,train_accuracy,dev_accuracy,train_loss,dev_loss
1,0.021013164472587904,0.020733333333333333,4.1016498922327,4.0925091995613405
2,0.021013164472587904,0.020733333333333333,4.0895797490141295,4.092365587189762
3,0.021013164472587904,0.020733333333333333,4.0895280693927525,4.09234845765364
4,0.021013164472587904,0.020733333333333333,4.089519679737057,4.09234483003108
5,0.021013164472587904,0.020733333333333333,4.089517775609152,4.092344208821051
6,0.021013164472587904,0.020733333333333333,4.089517311485391,4.092343909908205
7,0.021013164472587904,0.020733333333333333,4.089517198081886,4.092343927192282
