{
  "train_loss": [
    4.139314563035456,
    4.107095402186867,
    4.0945937170911195,
    4.086154459551369,
    4.080680933927253,
    4.07674790411531,
    4.073782037824456,
    4.071287179382964,
    4.068852755899707,
    4.066813509262617,
    4.06508235687386,
    4.063492414878461,
    4.061985968018392,
    4.060620038833021,
    4.0594286830525235,
    4.058332413074897,
    4.057283249321608,
    4.056337895762776,
    4.055489716160442,
    4.054696263704388,
    4.053947909978068,
    4.053244851037129,
    4.052591988272758,
    4.051908883797673,
    4.051197049799081,
    4.050561894231768,
    4.049955185373031,
    4.049349589473233,
    4.048772009874627,
    4.048219599449304,
    4.047688332363148,
    4.047186512936915,
    4.046708254925986,
    4.0462209634435204,
    4.045740753687606,
    4.045283878281681,
    4.04481889698297,
    4.044388835448785,
    4.043977590851014,
    4.043560668095343,
    4.0431669073572545,
    4.042792645429328,
    4.042423394358404,
    4.042085210397554,
    4.0417670632560965,
    4.041452828416099,
    4.041140841522705,
    4.040828462348564,
    4.0405194947460314,
    4.040210752344843
  ],
  "train_acc": [
    0.05446869966116758,
    0.08044770316058435,
    0.09280675442981726,
    0.10265511303671611,
    0.10766538910181636,
    0.1112870077209354,
    0.11391990223851581,
    0.11630839304560352,
    0.11941898572460145,
    0.121302005221352,
    0.12295173026717769,
    0.1250958173637727,
    0.12644559240126646,
    0.12785646836638337,
    0.12905071376992724,
    0.12985058045881243,
    0.1310059434538688,
    0.13175026384491473,
    0.13259456757207133,
    0.13305004721435315,
    0.13378881297561518,
    0.13452757873687718,
    0.1352219074598678,
    0.1360439926678887,
    0.1367827584291507,
    0.13728822973948787,
    0.1379214575348553,
    0.13848802977281563,
    0.13918235849580626,
    0.13971560295506305,
    0.14018219185691275,
    0.14063767149919457,
    0.14115980669888353,
    0.14172082430705993,
    0.1422485141365328,
    0.14263178359162362,
    0.14322057434871965,
    0.1436760539910015,
    0.14419818919069044,
    0.14464811420318835,
    0.1450147197689274,
    0.14527023273898795,
    0.14562572904515914,
    0.14598122535133035,
    0.1461978559129034,
    0.14645892351274786,
    0.14676998278064768,
    0.14702549575070822,
    0.14734766427817586,
    0.14773648836305062
  ],
  "val_loss": [
    4.11829756878792,
    4.102581543618061,
    4.093756953706133,
    4.08852922155502,
    4.084420596792342,
    4.081270850972927,
    4.078780057582449,
    4.076699359366234,
    4.074743277975854,
    4.073183459423958,
    4.0718245313522665,
    4.0705405387472595,
    4.069294839209698,
    4.068239243487095,
    4.067311385337343,
    4.066441724655476,
    4.065710528353427,
    4.065076869599363,
    4.0644700466318335,
    4.063938202756517,
    4.063482605142796,
    4.0630607848471785,
    4.0626071798040515,
    4.062067264191648,
    4.061611794410868,
    4.061160025698073,
    4.060770433507067,
    4.060403731528749,
    4.060093617946544,
    4.059846135403248,
    4.0596124983848405,
    4.059349079334989,
    4.059048149433542,
    4.058747186052038,
    4.058438758647188,
    4.05815434658781,
    4.05790819817401,
    4.0576995910482205,
    4.0575224551748725,
    4.057297921687999,
    4.057070648923833,
    4.056858389428322,
    4.056654636910621,
    4.056475368459174,
    4.056303284016061,
    4.056110342512739,
    4.055909083751922,
    4.055732981702115,
    4.055600059793351,
    4.055463852780931
  ],
  "val_acc": [
    0.07023333333333333,
    0.0846,
    0.09533333333333334,
    0.09886666666666667,
    0.10226666666666667,
    0.1051,
    0.10803333333333333,
    0.1107,
    0.1122,
    0.11326666666666667,
    0.11586666666666667,
    0.11656666666666667,
    0.11776666666666667,
    0.1184,
    0.1193,
    0.1203,
    0.12116666666666667,
    0.12116666666666667,
    0.1222,
    0.12246666666666667,
    0.12303333333333333,
    0.12333333333333334,
    0.1234,
    0.1242,
    0.12466666666666666,
    0.12473333333333333,
    0.12516666666666668,
    0.12593333333333334,
    0.12633333333333333,
    0.1266,
    0.12683333333333333,
    0.127,
    0.1271,
    0.12746666666666667,
    0.12756666666666666,
    0.12823333333333334,
    0.1283,
    0.1285,
    0.12843333333333334,
    0.12856666666666666,
    0.12876666666666667,
    0.12893333333333334,
    0.12906666666666666,
    0.1291,
    0.12926666666666667,
    0.1296,
    0.13013333333333332,
    0.1299,
    0.13006666666666666,
    0.13026666666666667
  ]
}