{
  "train_loss": [
    4.1224940744024385,
    4.090935547835794,
    4.079412984542901,
    4.072297190077314,
    4.067137782911876,
    4.0632484367721835,
    4.059881043018839,
    4.056985042080775,
    4.054402332733078,
    4.052004591409227,
    4.049714911759557,
    4.047154953841675,
    4.044976110438032,
    4.043387969659818,
    4.042025768922141,
    4.040760798637358,
    4.03959126130059,
    4.038594715162143,
    4.037676953693069,
    4.036751780948984,
    4.035848627554917,
    4.034968600932534,
    4.034246123646486,
    4.033515666245651,
    4.032860566236521,
    4.032202377083714,
    4.0315576053538695,
    4.030981195299303,
    4.030463270305359,
    4.0298877003520905,
    4.0293862079751905,
    4.028792891856661,
    4.028341409026877,
    4.02787104777666,
    4.027425393107265,
    4.0270039622486165,
    4.026615651315783,
    4.026276227464211,
    4.025878949221283,
    4.025532682298809,
    4.025238862886914,
    4.024874803013875,
    4.02460032983306,
    4.0242837625511,
    4.024035815280652,
    4.023664092449713,
    4.023428195996765,
    4.023152035960005,
    4.022887566443063,
    4.022650021401496
  ],
  "train_acc": [
    0.06536132866744432,
    0.09695050824862522,
    0.10879853357773704,
    0.11620285507970894,
    0.12113536632783425,
    0.12461256457257124,
    0.12815641837471534,
    0.13077264900294394,
    0.1335277453757707,
    0.135577403766039,
    0.13812697883686054,
    0.14056546131200356,
    0.14281508637449314,
    0.1441926345609065,
    0.14563128367494307,
    0.1469588401933011,
    0.14828639671165916,
    0.1490307171027051,
    0.14995834027662056,
    0.15104704771426986,
    0.1520635449647281,
    0.15280786535577404,
    0.15347997555962895,
    0.1540909848358607,
    0.15474643115036382,
    0.15552963394989724,
    0.1562572904515914,
    0.15685163583847136,
    0.1573515525190246,
    0.1576348386380048,
    0.1583291673609954,
    0.15885130256068433,
    0.1595567405432428,
    0.15985113592179082,
    0.16046214519802254,
    0.16072321279786703,
    0.16128978503582736,
    0.16148419707826472,
    0.1618063656057324,
    0.16215075265233572,
    0.16227295450758206,
    0.16246736655001945,
    0.16282286285619063,
    0.163167249902794,
    0.16331167027717602,
    0.1638393601066489,
    0.16414486474476475,
    0.16436149530633784,
    0.1645336888296395,
    0.16491695828473033
  ],
  "val_loss": [
    4.102973025236556,
    4.08927372574552,
    4.08139048481801,
    4.0773020067702985,
    4.073712845092643,
    4.070779460579602,
    4.068141371456544,
    4.065957080326609,
    4.063680031406346,
    4.061974393279313,
    4.058926228521221,
    4.057355552594037,
    4.056161232086133,
    4.055035074636626,
    4.053781438229689,
    4.052925059536118,
    4.052333233198886,
    4.051774440543738,
    4.051127484866551,
    4.050632338025677,
    4.049601267649929,
    4.048955541938098,
    4.048351480762587,
    4.0479239388061234,
    4.047502293515561,
    4.047005421825563,
    4.046786024118029,
    4.046874013790952,
    4.0465857616619765,
    4.046416958003665,
    4.0461393803167445,
    4.046007932884606,
    4.0456798956084095,
    4.045660160497816,
    4.045288453732472,
    4.0451565045537725,
    4.04512011928599,
    4.044933787286917,
    4.044838217275737,
    4.044507471737322,
    4.044254059730562,
    4.044473779989458,
    4.0441602974304,
    4.044034464272863,
    4.043848637578838,
    4.043871489415037,
    4.043601887058347,
    4.043453277301178,
    4.043423918772862,
    4.043190561886281
  ],
  "val_acc": [
    0.0855,
    0.09796666666666666,
    0.10576666666666666,
    0.1087,
    0.11316666666666667,
    0.1166,
    0.11943333333333334,
    0.12063333333333333,
    0.1232,
    0.1238,
    0.12716666666666668,
    0.12846666666666667,
    0.12983333333333333,
    0.13123333333333334,
    0.13236666666666666,
    0.13276666666666667,
    0.1331,
    0.13343333333333332,
    0.13413333333333333,
    0.1346,
    0.1361,
    0.1368,
    0.1375,
    0.1378,
    0.13846666666666665,
    0.13853333333333334,
    0.1394,
    0.13913333333333333,
    0.13886666666666667,
    0.13873333333333332,
    0.13893333333333333,
    0.1389,
    0.1394,
    0.13913333333333333,
    0.13926666666666668,
    0.13956666666666667,
    0.13976666666666668,
    0.14043333333333333,
    0.1404,
    0.14026666666666668,
    0.14083333333333334,
    0.14026666666666668,
    0.1409,
    0.14116666666666666,
    0.14103333333333334,
    0.14083333333333334,
    0.14146666666666666,
    0.14126666666666668,
    0.14113333333333333,
    0.1419
  ]
}