{
  "train_loss": [
    4.0895883982773995,
    4.073450125539341,
    4.069469758085284,
    4.068851228206132,
    4.067074392005467,
    4.065257056980764,
    4.0662590013125,
    4.0661308744646165,
    4.067601407248059,
    4.068467391287353,
    4.0721838896358475,
    4.070668976924787,
    4.070057734619287,
    4.0669625501297055,
    4.073200685207504,
    4.0726414156519475,
    4.074089842507139
  ],
  "train_acc": [
    0.09622285174693107,
    0.1117535966227851,
    0.1156362828417486,
    0.11628061989668388,
    0.11814697550408265,
    0.11993556629450647,
    0.11881908570793756,
    0.11908015330778203,
    0.11754707548741876,
    0.11674165416874965,
    0.11309781703049492,
    0.11459756707215464,
    0.11519191245903461,
    0.1183358329167361,
    0.11207021052046881,
    0.11268677442648448,
    0.11120368827417652
  ],
  "val_loss": [
    4.0814496540565735,
    4.076313070142701,
    4.07341715826917,
    4.081798596931165,
    4.071114380730749,
    4.071767019056308,
    4.071165764001387,
    4.076136015625651,
    4.074328377556953,
    4.077197801583866,
    4.074688146617621,
    4.077993003035913,
    4.073791925078516,
    4.074390141948708,
    4.077735023457866,
    4.077478503875895,
    4.083744795337669
  ],
  "val_acc": [
    0.10303333333333334,
    0.10823333333333333,
    0.11196666666666667,
    0.1029,
    0.1136,
    0.11336666666666667,
    0.11433333333333333,
    0.1092,
    0.11096666666666667,
    0.10826666666666666,
    0.11066666666666666,
    0.10736666666666667,
    0.11163333333333333,
    0.1108,
    0.1076,
    0.1078,
    0.1017
  ]
}