{
  "train_loss": [
    4.129679225748051,
    4.100071292138803,
    4.088412579547626,
    4.080936357892793,
    4.075576988268356,
    4.0714277403235135,
    4.06779874875543,
    4.065166675955471,
    4.062544328311224,
    4.060419171635384,
    4.058772366961422,
    4.057237787345021,
    4.055853160386233,
    4.054671633002006,
    4.0535778424683055,
    4.052547711136076,
    4.051405811326766,
    4.0499785409209315,
    4.048622017605128,
    4.047450264958864,
    4.04630170417688,
    4.045355892079689,
    4.044529220619704,
    4.043783023609117,
    4.042954563035094,
    4.042120043255873,
    4.041354581634217,
    4.040581285254285,
    4.0397524142070385,
    4.038999621316372,
    4.038332558678343,
    4.03770197654084,
    4.037089702543143,
    4.0365407977967,
    4.0360315173196915,
    4.035498270393477,
    4.03497702389733,
    4.03450571944016,
    4.034034554576094,
    4.033519107677569,
    4.0330280253271,
    4.032591858327156,
    4.0321696065644375,
    4.031858284194572,
    4.0314372103705,
    4.031028819685935,
    4.030663868052825,
    4.03033187285124,
    4.029986210323677,
    4.029623806794428
  ],
  "train_acc": [
    0.06156751652502361,
    0.08737988113092263,
    0.09987779814475366,
    0.10823751596956063,
    0.11331444759206799,
    0.11731933566627785,
    0.12077987002166306,
    0.12329611731378104,
    0.1256068433038938,
    0.1272787868688552,
    0.12889518413597734,
    0.13075598511359218,
    0.13186691107037715,
    0.13311114814197633,
    0.13412209076265066,
    0.13503860467699827,
    0.13623285008054214,
    0.13772704549241793,
    0.13909348441926345,
    0.14053213353330002,
    0.14167083263900462,
    0.14270399377881465,
    0.14352607898683553,
    0.14403155029717268,
    0.144970282730656,
    0.14558684663667168,
    0.14643115036382826,
    0.14714769760595456,
    0.1479586735544076,
    0.14875298561350886,
    0.149408431928012,
    0.15011942454035437,
    0.15069155140809865,
    0.1513525523523857,
    0.15169138476920513,
    0.15220241070932622,
    0.15281341998555797,
    0.1532466811087041,
    0.15380769871688052,
    0.15435205243570516,
    0.1548130867077709,
    0.15524634783091706,
    0.15566294506471143,
    0.15582958395822918,
    0.15626284508137533,
    0.15679053491084818,
    0.1571460312170194,
    0.1576015108593012,
    0.15787368771871355,
    0.15817919235682942
  ],
  "val_loss": [
    4.111474353367332,
    4.09675213268825,
    4.08936745881526,
    4.08420342524677,
    4.080472072812794,
    4.077689088992218,
    4.075630050224028,
    4.07380781753231,
    4.071742925054229,
    4.070301682710139,
    4.069095034589137,
    4.067776685076227,
    4.066664257029227,
    4.065678570570467,
    4.064851065942728,
    4.063803574169622,
    4.062337618646845,
    4.061228262590193,
    4.060315082830661,
    4.059360274882205,
    4.058541497187828,
    4.057994488714092,
    4.057388671171436,
    4.056768812350373,
    4.056328750114197,
    4.05577535974954,
    4.055392567791156,
    4.054918221064976,
    4.054478915261307,
    4.054101412738564,
    4.053752109185973,
    4.053334522348986,
    4.052879185056382,
    4.052432989514967,
    4.052073454806037,
    4.051733409926327,
    4.051363569841202,
    4.051032796343252,
    4.050450739321678,
    4.049904005359739,
    4.049727526809106,
    4.04952010671213,
    4.049150098869795,
    4.048879085573306,
    4.048625199779519,
    4.048372802449696,
    4.0480715435451025,
    4.047774888305013,
    4.047542596422533,
    4.047363803839124
  ],
  "val_acc": [
    0.07583333333333334,
    0.09083333333333334,
    0.099,
    0.10406666666666667,
    0.10753333333333333,
    0.1093,
    0.11093333333333333,
    0.11283333333333333,
    0.11513333333333334,
    0.1164,
    0.1178,
    0.11863333333333333,
    0.11956666666666667,
    0.1207,
    0.1211,
    0.12263333333333333,
    0.12433333333333334,
    0.12506666666666666,
    0.12573333333333334,
    0.12683333333333333,
    0.1275,
    0.12773333333333334,
    0.1289,
    0.12946666666666667,
    0.1294,
    0.12996666666666667,
    0.13003333333333333,
    0.13026666666666667,
    0.13096666666666668,
    0.13136666666666666,
    0.13203333333333334,
    0.13206666666666667,
    0.1327,
    0.13326666666666667,
    0.1336,
    0.1338,
    0.13413333333333333,
    0.13423333333333334,
    0.13473333333333334,
    0.13543333333333332,
    0.13573333333333334,
    0.13596666666666668,
    0.13683333333333333,
    0.1372,
    0.13723333333333335,
    0.1374,
    0.13786666666666667,
    0.138,
    0.13823333333333335,
    0.13843333333333332
  ]
}