{
  "train_loss": [
    4.148374189707366,
    4.117754096334631,
    4.103246216069568,
    4.094713688574054,
    4.0892682752826,
    4.085259753194722,
    4.081983164630153,
    4.079087289896878,
    4.076655568047003,
    4.074751570820808,
    4.073112040080807,
    4.071523866870186,
    4.070023774423382,
    4.0685769990086555,
    4.067210053178397,
    4.065923849967393,
    4.064754900607196,
    4.063691331581636,
    4.062709200788628,
    4.0618050423535434,
    4.060940657149661,
    4.0600930117070675,
    4.059310859577223,
    4.058604637668892,
    4.05796230347319,
    4.0573719414797695,
    4.056796889074824,
    4.056209118190137,
    4.055612530220639,
    4.055037174373865,
    4.05447511442683,
    4.05392935635014,
    4.053403748368675,
    4.052903938699853,
    4.052083886821162,
    4.05120781741359,
    4.050727039914239,
    4.050289614634081,
    4.0498807101764465,
    4.049486828459934,
    4.049095336686481,
    4.04872647842223,
    4.048378644003109,
    4.048042022707787,
    4.047709473154762,
    4.047367899593982,
    4.0469887906854805,
    4.0466256043450395,
    4.046268687668172,
    4.045877108858391
  ],
  "train_acc": [
    0.04531466977725935,
    0.06947730933733266,
    0.08639671165916792,
    0.09481753041159807,
    0.10047769816141754,
    0.10367161028717436,
    0.10626562239626729,
    0.11030383824918069,
    0.11205354663111704,
    0.11345331333666611,
    0.11495306337832584,
    0.11634727545409099,
    0.11778592456812753,
    0.11904682552907848,
    0.12041326445592401,
    0.12189079597844804,
    0.12321279786702216,
    0.12425151363661611,
    0.12515691829139589,
    0.12586235627395434,
    0.12675665166916625,
    0.127662056323946,
    0.12856746097872576,
    0.12918402488474143,
    0.1297561517524857,
    0.13052824529245124,
    0.1310059434538688,
    0.13155029717269345,
    0.13219463422762873,
    0.13285008054213188,
    0.13344442592901185,
    0.13402766205632394,
    0.13463311670277175,
    0.13496639448980727,
    0.13574404265955675,
    0.1366494473143365,
    0.13719380103316114,
    0.13762150752652336,
    0.13797144920291063,
    0.13836027328778536,
    0.1389712825640171,
    0.13925456868299727,
    0.13964894739765596,
    0.1399933344442593,
    0.1402599566738877,
    0.14054879742265178,
    0.14093762150752653,
    0.1413542187413209,
    0.14166527800922069,
    0.14215964005999
  ],
  "val_loss": [
    4.13110585535987,
    4.110686330472008,
    4.100059978032516,
    4.09428181890714,
    4.090617248567484,
    4.08773127652831,
    4.085116798594846,
    4.0825967425006935,
    4.08050219891435,
    4.078881227363975,
    4.07746597871942,
    4.076061624591634,
    4.074766296451375,
    4.073560371237286,
    4.07239873530501,
    4.071362624734135,
    4.070536556890455,
    4.069795479208736,
    4.0690737013089455,
    4.068387209358862,
    4.067802352420355,
    4.067250259852005,
    4.0668185929120595,
    4.066464282698551,
    4.066135964151156,
    4.065803895562382,
    4.065464674416235,
    4.065098208896185,
    4.064691054618965,
    4.064240657677085,
    4.063719644384869,
    4.063330056303639,
    4.062984591823513,
    4.062680612176152,
    4.061891430515354,
    4.061614085051973,
    4.061358629646948,
    4.061112015934314,
    4.06086989984674,
    4.060595556841058,
    4.060318611435971,
    4.060082686149467,
    4.059851755530147,
    4.05961473917557,
    4.059389611422005,
    4.05920153553203,
    4.0590369418516,
    4.058850898581036,
    4.058618416220455,
    4.058392496432289
  ],
  "val_acc": [
    0.054966666666666664,
    0.0764,
    0.08946666666666667,
    0.09436666666666667,
    0.0979,
    0.10023333333333333,
    0.1044,
    0.10626666666666666,
    0.10783333333333334,
    0.1092,
    0.1105,
    0.11146666666666667,
    0.1126,
    0.11363333333333334,
    0.11436666666666667,
    0.11536666666666667,
    0.1164,
    0.1172,
    0.11796666666666666,
    0.11846666666666666,
    0.11903333333333334,
    0.11993333333333334,
    0.12026666666666666,
    0.1208,
    0.12076666666666666,
    0.12103333333333334,
    0.1214,
    0.1215,
    0.1218,
    0.1222,
    0.12283333333333334,
    0.1232,
    0.12346666666666667,
    0.12333333333333334,
    0.1241,
    0.1243,
    0.12453333333333333,
    0.12433333333333334,
    0.1244,
    0.12466666666666666,
    0.12493333333333333,
    0.1253,
    0.12583333333333332,
    0.12636666666666665,
    0.12673333333333334,
    0.1268,
    0.1269,
    0.12713333333333332,
    0.12743333333333334,
    0.12773333333333334
  ]
}